[
  {
    "Id": 1,
    "Name": "Test Demo",
    "Source": "C:\\Test\\Source",
    "Target": "C:\\Test\\Dest",
    "Type": 0,
    "State": 0,
    "Description": "Bonjour",
    "IsSelected": false,
    "Log": {},
    "Progress": 0
  },
  {
    "Id": 2,
    "Name": "zdcez",
    "Source": "C:\\Users\\ylies\\Desktop\\ahl",
    "Target": "C:\\Users\\ylies\\Desktop\\Nouveau dossier",
    "Type": 0,
    "State": 2,
    "Description": "oli",
    "IsSelected": true,
    "Log": {},
    "Progress": 100
  },
  {
    "Id": 3,
    "Name": "rzrefzef",
    "Source": "C:\\Users\\ylies\\Desktop\\ahl",
    "Target": "C:\\Users\\ylies\\Desktop\\Nouveau dossier",
    "Type": 0,
    "State": 0,
    "Description": "",
    "IsSelected": false,
    "Log": {},
    "Progress": 0
  },
  {
    "Id": 4,
    "Name": "dzsz",
    "Source": "C:\\Users\\ylies\\Desktop\\Perso",
    "Target": "C:\\Users\\ylies\\Desktop\\Nouveau dossier",
    "Type": 0,
    "State": 0,
    "Description": "",
    "IsSelected": false,
    "Log": {},
    "Progress": 0
  }
]