﻿{"timestamp":"2025-05-19T15:58:01.4713196\u002B02:00","jobName":"TestTheo","backupType":"Full","sourceUNC":"C:\\Test\\Source","targetUNC":"C:\\Test\\Dest","fileSizeBytes":1,"durationMs":15,"state":1,"Description":"Bonjour.","totalSize":1,"listFolder":[{"path":"C:\\Test\\Source\\Attestation de Marquage Antivol.pdf","size":441495,"type":"file"},{"path":"C:\\Test\\Source\\Bon de commande.pdf","size":7837449,"type":"file"},{"path":"C:\\Test\\Source\\Certificat D\u0027assurence GMF.pdf","size":2953743,"type":"file"},{"path":"C:\\Test\\Source\\Contrat de vente Ford P1.pdf","size":904100,"type":"file"},{"path":"C:\\Test\\Source\\Contrat de vente Ford P2.pdf","size":1444341,"type":"file"},{"path":"C:\\Test\\Source\\Dossier d\u0027immatriculation.pdf","size":190045,"type":"file"},{"path":"C:\\Test\\Source\\Planing des r\u00E9visions .pdf","size":378090,"type":"file"}]}
{"timestamp":"2025-05-19T15:59:13.0219200\u002B02:00","jobName":"TestTheo","backupType":"Full","sourceUNC":"C:\\Test\\Source","targetUNC":"C:\\Test\\Dest","fileSizeBytes":1,"durationMs":16,"state":1,"Description":"Bonjour.","totalSize":1,"listFolder":[{"path":"C:\\Test\\Source\\Attestation de Marquage Antivol.pdf","size":441495,"type":"file"},{"path":"C:\\Test\\Source\\Bon de commande.pdf","size":7837449,"type":"file"},{"path":"C:\\Test\\Source\\Certificat D\u0027assurence GMF.pdf","size":2953743,"type":"file"},{"path":"C:\\Test\\Source\\Contrat de vente Ford P1.pdf","size":904100,"type":"file"},{"path":"C:\\Test\\Source\\Contrat de vente Ford P2.pdf","size":1444341,"type":"file"},{"path":"C:\\Test\\Source\\Dossier d\u0027immatriculation.pdf","size":190045,"type":"file"},{"path":"C:\\Test\\Source\\Planing des r\u00E9visions .pdf","size":378090,"type":"file"}]}
{"timestamp":"2025-05-19T15:59:51.5403617\u002B02:00","jobName":"TestTheo","backupType":"Full","sourceUNC":"C:\\Test\\Source","targetUNC":"C:\\Test\\Dest","fileSizeBytes":1,"durationMs":14,"state":1,"Description":"Bonjour.","totalSize":1,"listFolder":[{"path":"C:\\Test\\Source\\Attestation de Marquage Antivol.pdf","size":441495,"type":"file"},{"path":"C:\\Test\\Source\\Bon de commande.pdf","size":7837449,"type":"file"},{"path":"C:\\Test\\Source\\Certificat D\u0027assurence GMF.pdf","size":2953743,"type":"file"},{"path":"C:\\Test\\Source\\Contrat de vente Ford P1.pdf","size":904100,"type":"file"},{"path":"C:\\Test\\Source\\Contrat de vente Ford P2.pdf","size":1444341,"type":"file"},{"path":"C:\\Test\\Source\\Dossier d\u0027immatriculation.pdf","size":190045,"type":"file"},{"path":"C:\\Test\\Source\\Planing des r\u00E9visions .pdf","size":378090,"type":"file"}]}
{"timestamp":"2025-05-19T16:00:13.8795467\u002B02:00","jobName":"TestTheo","backupType":"Full","sourceUNC":"C:\\Test\\Source","targetUNC":"C:\\Test\\Dest","fileSizeBytes":1,"durationMs":15,"state":1,"Description":"Bonjour.","totalSize":1,"listFolder":[{"path":"C:\\Test\\Source\\Attestation de Marquage Antivol.pdf","size":441495,"type":"file"},{"path":"C:\\Test\\Source\\Bon de commande.pdf","size":7837449,"type":"file"},{"path":"C:\\Test\\Source\\Certificat D\u0027assurence GMF.pdf","size":2953743,"type":"file"},{"path":"C:\\Test\\Source\\Contrat de vente Ford P1.pdf","size":904100,"type":"file"},{"path":"C:\\Test\\Source\\Contrat de vente Ford P2.pdf","size":1444341,"type":"file"},{"path":"C:\\Test\\Source\\Dossier d\u0027immatriculation.pdf","size":190045,"type":"file"},{"path":"C:\\Test\\Source\\Planing des r\u00E9visions .pdf","size":378090,"type":"file"}]}
{"timestamp":"2025-05-19T17:23:14.1141002\u002B02:00","jobName":"TestTheo","backupType":"Full","sourceUNC":"C:\\Test\\Source","targetUNC":"C:\\Test\\Dest","fileSizeBytes":7,"durationMs":24,"state":1,"descenarioion":"Bonjour.","totalSize":7,"listFolder":[{"path":"C:\\Test\\Source\\Attestation de Marquage Antivol.pdf","size":441495,"type":"file"},{"path":"C:\\Test\\Source\\Bon de commande.pdf","size":7837449,"type":"file"},{"path":"C:\\Test\\Source\\Certificat D\u0027assurence GMF.pdf","size":2953743,"type":"file"},{"path":"C:\\Test\\Source\\Contrat de vente Ford P1.pdf","size":904100,"type":"file"},{"path":"C:\\Test\\Source\\Contrat de vente Ford P2.pdf","size":1444341,"type":"file"},{"path":"C:\\Test\\Source\\Dossier d\u0027immatriculation.pdf","size":190045,"type":"file"},{"path":"C:\\Test\\Source\\Planing des r\u00E9visions .pdf","size":378090,"type":"file"}]}
{"timestamp":"2025-05-19T18:43:17.6103019\u002B02:00","jobName":"TestCreate","backupType":"Full","sourceUNC":"C:\\Test\\Source","targetUNC":"C:\\Test\\Dest","fileSizeBytes":7,"durationMs":57,"state":1,"Description":"Bonour","totalSize":7,"listFolder":[{"path":"C:\\Test\\Source\\Attestation de Marquage Antivol.pdf","size":441495,"type":"file"},{"path":"C:\\Test\\Source\\Bon de commande.pdf","size":7843883,"type":"file"},{"path":"C:\\Test\\Source\\Certificat D\u0027assurence GMF.pdf","size":2953743,"type":"file"},{"path":"C:\\Test\\Source\\Contrat de vente Ford P1.pdf","size":904100,"type":"file"},{"path":"C:\\Test\\Source\\Contrat de vente Ford P2.pdf","size":1444341,"type":"file"},{"path":"C:\\Test\\Source\\Dossier d\u0027immatriculation.pdf","size":190045,"type":"file"},{"path":"C:\\Test\\Source\\Planing des r\u00E9visions .pdf","size":378090,"type":"file"}]}
{"timestamp":"2025-05-19T18:43:36.3813921\u002B02:00","jobName":"TestCreate","backupType":"Full","sourceUNC":"C:\\Test\\Source","targetUNC":"C:\\Test\\Dest","fileSizeBytes":7,"durationMs":10,"state":1,"Description":"Bonour","totalSize":7,"listFolder":[{"path":"C:\\Test\\Source\\Attestation de Marquage Antivol.pdf","size":441495,"type":"file"},{"path":"C:\\Test\\Source\\Bon de commande.pdf","size":7843883,"type":"file"},{"path":"C:\\Test\\Source\\Certificat D\u0027assurence GMF.pdf","size":2953743,"type":"file"},{"path":"C:\\Test\\Source\\Contrat de vente Ford P1.pdf","size":904100,"type":"file"},{"path":"C:\\Test\\Source\\Contrat de vente Ford P2.pdf","size":1444341,"type":"file"},{"path":"C:\\Test\\Source\\Dossier d\u0027immatriculation.pdf","size":190045,"type":"file"},{"path":"C:\\Test\\Source\\Planing des r\u00E9visions .pdf","size":378090,"type":"file"}]}
