﻿[
  {
    "timestamp": "2025-05-28T12:04:36.4975158\u002B02:00",
    "jobName": "zdcez",
    "backupType": "Full",
    "sourceUNC": "C:\\Users\\ylies\\Desktop\\ahl",
    "targetUNC": "C:\\Users\\ylies\\Desktop\\Nouveau dossier",
    "fileSizeBytes": 4,
    "durationMs": 4015,
    "state": 1,
    "listFolder": [
      {
        "path": "C:\\Users\\ylies\\Desktop\\ahl\\logo.png",
        "size": 103513,
        "type": "file",
        "encryptionTimeMs": 2
      },
      {
        "path": "C:\\Users\\ylies\\Desktop\\ahl\\ahl54.txt",
        "size": 69,
        "type": "file",
        "encryptionTimeMs": 0
      },
      {
        "path": "C:\\Users\\ylies\\Desktop\\ahl\\index.css",
        "size": 2941,
        "type": "file",
        "encryptionTimeMs": 0
      },
      {
        "path": "C:\\Users\\ylies\\Desktop\\ahl\\index.html",
        "size": 947,
        "type": "file",
        "encryptionTimeMs": 0
      }
    ]
  },
  {
    "timestamp": "2025-05-28T12:23:25.8862434\u002B02:00",
    "jobName": "zdcez",
    "backupType": "Full",
    "sourceUNC": "C:\\Users\\ylies\\Desktop\\ahl",
    "targetUNC": "C:\\Users\\ylies\\Desktop\\Nouveau dossier",
    "fileSizeBytes": 4,
    "durationMs": 4018,
    "state": 1,
    "listFolder": [
      {
        "path": "C:\\Users\\ylies\\Desktop\\ahl\\logo.png",
        "size": 103513,
        "type": "file",
        "encryptionTimeMs": 0
      },
      {
        "path": "C:\\Users\\ylies\\Desktop\\ahl\\ahl54.txt",
        "size": 69,
        "type": "file",
        "encryptionTimeMs": 0
      },
      {
        "path": "C:\\Users\\ylies\\Desktop\\ahl\\index.css",
        "size": 2941,
        "type": "file",
        "encryptionTimeMs": 0
      },
      {
        "path": "C:\\Users\\ylies\\Desktop\\ahl\\index.html",
        "size": 947,
        "type": "file",
        "encryptionTimeMs": 0
      }
    ]
  },
  {
    "timestamp": "2025-05-28T12:26:54.7301923\u002B02:00",
    "jobName": "zdcez",
    "backupType": "Full",
    "sourceUNC": "C:\\Users\\ylies\\Desktop\\ahl",
    "targetUNC": "C:\\Users\\ylies\\Desktop\\Nouveau dossier",
    "fileSizeBytes": 4,
    "durationMs": 4056,
    "state": 1,
    "listFolder": [
      {
        "path": "C:\\Users\\ylies\\Desktop\\ahl\\logo.png",
        "size": 103513,
        "type": "file",
        "encryptionTimeMs": 0
      },
      {
        "path": "C:\\Users\\ylies\\Desktop\\ahl\\ahl54.txt",
        "size": 69,
        "type": "file",
        "encryptionTimeMs": 0
      },
      {
        "path": "C:\\Users\\ylies\\Desktop\\ahl\\index.css",
        "size": 2941,
        "type": "file",
        "encryptionTimeMs": 0
      },
      {
        "path": "C:\\Users\\ylies\\Desktop\\ahl\\index.html",
        "size": 947,
        "type": "file",
        "encryptionTimeMs": 0
      }
    ]
  },
  {
    "timestamp": "2025-05-28T12:29:09.6191375\u002B02:00",
    "jobName": "zdcez",
    "backupType": "Full",
    "sourceUNC": "C:\\Users\\ylies\\Desktop\\ahl",
    "targetUNC": "C:\\Users\\ylies\\Desktop\\Nouveau dossier",
    "fileSizeBytes": 4,
    "durationMs": 4020,
    "state": 1,
    "listFolder": [
      {
        "path": "C:\\Users\\ylies\\Desktop\\ahl\\logo.png",
        "size": 103513,
        "type": "file",
        "encryptionTimeMs": 0
      },
      {
        "path": "C:\\Users\\ylies\\Desktop\\ahl\\ahl54.txt",
        "size": 69,
        "type": "file",
        "encryptionTimeMs": 1001
      },
      {
        "path": "C:\\Users\\ylies\\Desktop\\ahl\\index.css",
        "size": 2941,
        "type": "file",
        "encryptionTimeMs": 0
      },
      {
        "path": "C:\\Users\\ylies\\Desktop\\ahl\\index.html",
        "size": 947,
        "type": "file",
        "encryptionTimeMs": 0
      }
    ]
  }
]