﻿{"timestamp":"2025-05-20T14:20:18.6125558\u002B02:00","jobName":"TestCreate","backupType":"Differential","sourceUNC":"C:\\Test\\Source","targetUNC":"C:\\Test\\Dest","fileSizeBytes":7,"durationMs":75,"state":1,"Description":"Bonjour","totalSize":7,"listFolder":[{"path":"C:\\Test\\Source\\Attestation de Marquage Antivol.pdf","size":441495,"type":"file"},{"path":"C:\\Test\\Source\\Bon de commande.pdf","size":7837449,"type":"file"},{"path":"C:\\Test\\Source\\Certificat D\u0027assurence GMF.pdf","size":2953743,"type":"file"},{"path":"C:\\Test\\Source\\Contrat de vente Ford P1.pdf","size":904100,"type":"file"},{"path":"C:\\Test\\Source\\Contrat de vente Ford P2.pdf","size":1444341,"type":"file"},{"path":"C:\\Test\\Source\\Dossier d\u0027immatriculation.pdf","size":190045,"type":"file"},{"path":"C:\\Test\\Source\\Planing des r\u00E9visions .pdf","size":378090,"type":"file"}]}
{"timestamp":"2025-05-20T14:20:31.0544644\u002B02:00","jobName":"TestCreate","backupType":"Differential","sourceUNC":"C:\\Test\\Source","targetUNC":"C:\\Test\\Dest","fileSizeBytes":7,"durationMs":15,"state":1,"Description":"Bonjour","totalSize":7,"listFolder":[{"path":"C:\\Test\\Source\\Attestation de Marquage Antivol.pdf","size":441495,"type":"file"},{"path":"C:\\Test\\Source\\Bon de commande.pdf","size":7837449,"type":"file"},{"path":"C:\\Test\\Source\\Certificat D\u0027assurence GMF.pdf","size":2953743,"type":"file"},{"path":"C:\\Test\\Source\\Contrat de vente Ford P1.pdf","size":904100,"type":"file"},{"path":"C:\\Test\\Source\\Contrat de vente Ford P2.pdf","size":1444341,"type":"file"},{"path":"C:\\Test\\Source\\Dossier d\u0027immatriculation.pdf","size":190045,"type":"file"},{"path":"C:\\Test\\Source\\Planing des r\u00E9visions .pdf","size":378090,"type":"file"}]}
